date,close,rsi_14,macd,macd_signal,score,signal
2025-01-01,94591.79,36.63570042663115,-714.8105843362137,113.2751739022312,0.0,0
2025-01-02,96984.79,48.84474990446974,-548.0396260036214,-18.987786078939315,0.29853047038833086,0
2025-01-03,98174.18,50.857785436862464,-316.25303897947015,-78.44083665904549,0.29853047038833086,0
2025-01-04,98220.5,52.20794241957445,-127.35479514027249,-88.22362835529088,0.1568441454109561,0
2025-01-05,98363.61,58.333359560805235,33.50992348177533,-63.87691798787765,-0.19683376260223012,0
2025-01-06,102235.6,66.24779010541656,468.0383506246144,42.50613573462077,-0.06258216410252954,0
2025-01-07,96954.61,46.45883452375771,381.8715245898056,110.37921350565776,-0.3762960230437609,0
2025-01-08,95060.61,41.35128511606012,158.92177171820367,120.08772514816694,-0.3762960230437609,0
2025-01-09,92552.49,43.2876950781556,-217.6429836281168,52.5415833929102,-0.3762960230437609,0
2025-01-10,94726.11,50.860729084371926,-336.7979003965738,-25.326313364986607,-0.008931141282629104,0
2025-01-11,94599.99,48.53764568496744,-436.37559415651776,-107.53616952329284,-0.1694723411277949,0
2025-01-12,94545.06,51.79882001901238,-513.8012448897352,-188.78918459658132,-0.008931141282629104,0
2025-01-13,94536.1,54.05776283149274,-569.3218402517814,-264.89571572762134,-0.1431827397823297,0
2025-01-14,96560.86,56.565586355257786,-444.8135677832761,-300.8792861387523,0.06221429257894212,0
2025-01-15,100497.35,61.51100507566723,-28.173256672234857,-246.33808024544885,0.015997996236715883,0
2025-01-16,99987.3,56.31606072653916,257.8876509694237,-145.49293400247436,0.2213950285979877,0
2025-01-17,104077.48,61.067453478937104,805.3527193385962,44.67619666573977,-0.28017658490202146,0
2025-01-18,104556.23,61.68864592261772,1263.291417128261,288.39924075824405,-0.28017658490202146,0
2025-01-19,101331.57,54.91650769523339,1350.440979018982,500.8075884103917,-0.28017658490202146,0
2025-01-20,102260.01,50.04480531804798,1477.3944992579345,696.1249705799003,-0.653549543586133,0
2025-01-21,106143.82,67.77899066242207,1869.8427045818096,930.8685173802822,-0.49300834374096725,0
2025-01-22,103706.66,66.38375202048054,1961.590299014104,1137.0128737070463,-0.49300834374096725,-1
2025-01-23,103910.34,73.581998877982,2027.3659892500727,1315.083496815652,-0.49300834374096725,-1
2025-01-24,104870.5,72.18017198592804,2132.3897238879435,1478.5447422301104,-0.49300834374096725,-1
2025-01-25,104746.85,72.18796904356225,2180.5087214089144,1618.9375380658712,-0.49300834374096725,-1
2025-01-26,102620.0,66.19029096625178,2023.6964405901963,1699.8893185707364,-0.49300834374096725,-1
2025-01-27,102082.83,64.81737671018514,1834.9245802269288,1726.896370901975,-0.6272599422406678,-1
2025-01-28,101335.52,59.869747266867215,1606.501104669078,1702.8173176553955,-0.7804326013367334,-1
2025-01-29,103733.24,57.143374339226455,1600.5002494067303,1682.3539040056626,-0.6272599422406678,-1
2025-01-30,104722.94,60.23734459065668,1656.5098328973982,1677.1850897840095,-0.6272599422406678,-1
2025-01-31,102429.56,46.13752575889115,1498.5666879639175,1641.4614094199912,-0.9767150428999763,-1
2025-02-01,100635.65,41.34438086154823,1214.6404440648766,1556.0972163489685,-1.1298877019960418,-1
2025-02-02,97700.59,41.8799087574917,744.213210878268,1393.7204152548284,-1.1298877019960418,-1
2025-02-03,101328.52,48.14129427967448,656.5713249243418,1246.290597188731,-0.9956361034963414,-1
2025-02-04,97763.13,33.061832963001436,296.0051598615828,1056.2335097233015,-0.9956361034963414,-1
2025-02-05,96612.43,34.87539339971114,-81.65670917461102,828.655465943719,-0.7888124215803755,-1
2025-02-06,96554.35,34.21936147107675,-381.2482395115221,586.6747248526708,-0.923064020080076,-1
2025-02-07,96506.8,31.326358375308132,-615.4194015759131,346.25589956695404,-0.923064020080076,-1
2025-02-08,96444.74,31.41275101521036,-796.8241649987176,117.63988665381972,-0.7176669877188043,-1
2025-02-09,96462.75,34.77734589202814,-928.4330917260086,-91.57470902214595,-0.5287530869046617,-1
2025-02-10,97430.82,38.73870907926316,-943.740107347374,-262.0077886871916,-0.7176669877188043,-1
2025-02-11,95778.2,37.11207420346212,-1076.81084485873,-424.96839992149927,-0.5287530869046617,-1
2025-02-12,97869.99,36.20687627180449,-1001.9307577823492,-540.3608714936693,-0.7176669877188043,-1
2025-02-13,96608.14,31.15151627768695,-1032.5064074201364,-638.7899786789627,-0.7176669877188043,-1
2025-02-14,97500.48,37.754057567169,-973.5114160261584,-705.7342661484018,-0.5148736252279393,0
2025-02-15,97569.66,41.66879068814495,-910.67748925279,-746.7229107692796,-0.09832690726622367,1
2025-02-16,96118.12,45.32287134149983,-966.8629028719153,-790.7509091898067,-0.09832690726622367,1
2025-02-17,95780.0,29.6418953130848,-1026.8369687801023,-837.968121107866,-0.09832690726622367,1
2025-02-18,95671.74,39.71801847953381,-1070.7594766138063,-884.526392209054,-0.09832690726622367,1
2025-02-19,96644.37,50.159826262747586,-1015.380592704445,-910.6972323081322,0.06221429257894212,1
2025-02-20,98305.0,57.549387001763705,-827.9493806078826,-894.1476619680824,0.06221429257894212,1
2025-02-21,96181.98,48.81193435024709,-841.0239650837029,-883.5229225912066,-0.09832690726622367,1
2025-02-22,96551.01,50.38015781539645,-812.2449761108146,-869.2673332951282,0.06221429257894212,1
2025-02-23,96258.0,49.2816843003377,-803.8149992675462,-856.1768664896118,-0.09832690726622367,1
2025-02-24,91552.88,33.66253194983196,-1163.3872396408551,-917.6189411198606,-0.09832690726622367,1
2025-02-25,88680.4,31.524806080483117,-1660.9891118462692,-1066.2929752651423,0.11450485157272239,1
2025-02-26,84250.09,18.39566687952951,-2385.334520419201,-1330.1012842959542,0.30341875238686505,1
2025-02-27,84708.58,21.318289099197088,-2889.083606675267,-1641.8977487718169,0.30341875238686505,1
2025-02-28,84349.94,17.466005226996344,-3279.444245688719,-1969.4070481551971,0.5336413689031957,1
2025-03-01,86064.53,23.679542383808084,-3411.133358925028,-2257.7523103091635,0.5336413689031957,1
2025-03-02,94270.0,46.77012771847409,-2820.8678680540324,-2370.3754218581375,0.6678929674028963,1
2025-03-03,86220.61,36.840434491605,-2968.3790889607626,-2489.976155278662,0.6678929674028963,1
2025-03-04,87281.98,38.74588253852934,-2965.455184098959,-2585.0719610427223,0.6678929674028963,1
2025-03-05,90606.01,42.38072982149409,-2664.20522804941,-2600.89861444406,0.6678929674028963,1
2025-03-06,89931.89,39.16496955025056,-2451.5978239872347,-2571.038456352695,0.6678929674028963,1
2025-03-07,86801.75,38.17007384568354,-2506.784412554058,-2558.1876475929676,0.6678929674028963,1
2025-03-08,86222.45,37.04280309892047,-2567.6663903479493,-2560.083396143964,0.6678929674028963,1
2025-03-09,80734.37,32.771251054070746,-3023.900345709568,-2652.846786057085,0.6678929674028963,0
2025-03-10,78595.86,34.75103636772765,-3517.4815888480516,-2825.7737466152785,0.6678929674028963,0
2025-03-11,82932.99,43.461358097474005,-3518.12339941127,-2964.243677174477,0.6678929674028963,0
2025-03-12,83680.12,49.29225093185656,-3418.93355413276,-3055.181652566134,0.8284341672480621,1
2025-03-13,81115.78,45.76043182989617,-3506.8212416879687,-3145.509570390501,0.6678929674028963,0
2025-03-14,83983.2,49.59143085428985,-3306.975284739048,-3177.8027132602106,0.8284341672480621,1
2025-03-15,84338.44,48.01697637062181,-3084.3762553945708,-3159.1174216870827,0.8284341672480621,1
2025-03-16,82574.53,34.22945616935871,-3015.536488752681,-3130.4012351002025,0.6678929674028963,0
2025-03-17,84010.03,46.37208029089266,-2812.72428994489,-3066.8658460691404,0.8284341672480621,0
2025-03-18,82715.03,42.56193434169874,-2725.0768488283065,-2998.508046620974,0.6678929674028963,0
2025-03-19,86845.94,44.03290979419319,-2295.8209123543056,-2857.9706197676405,0.6678929674028963,1
2025-03-20,84223.39,41.46843117773163,-2142.552347739591,-2714.886965362031,0.6678929674028963,0
2025-03-21,84088.79,45.54662861847915,-2008.7909099617973,-2573.6677542819843,0.6678929674028963,0
2025-03-22,83840.59,46.04716726875399,-1900.8992887973,-2439.1140611850474,0.6395202664339193,0
2025-03-23,86082.5,59.94728883449551,-1615.8643230553423,-2274.4641135591064,0.6395202664339193,1
2025-03-24,87498.16,67.01542460673943,-1261.2017792625702,-2071.811646699799,0.6395202664339193,1
2025-03-25,87392.87,60.1695301733062,-977.3587973250688,-1852.9210768248531,0.6395202664339193,1
2025-03-26,86909.17,57.45249196486558,-782.4224576609413,-1638.821352992071,0.6395202664339193,1
2025-03-27,87232.01,65.74503172314084,-595.0244427370635,-1430.0619709410696,0.6395202664339193,1
2025-03-28,84424.38,51.13923815288383,-665.3922151729203,-1277.1280197874398,0.6395202664339193,0
2025-03-29,82648.54,45.9345231851744,-854.6032936890697,-1192.6230745677658,0.3447274680890529,0
2025-03-30,82389.99,49.5213759805127,-1013.731594022931,-1156.8447784587988,0.5052686679342188,0
2025-03-31,82550.01,45.94499713931798,-1114.0871387970546,-1148.29325052645,0.3447274680890529,0
2025-04-01,85158.34,56.3245656586783,-971.9452193033212,-1113.0236442818243,0.5052686679342188,0
2025-04-02,82516.29,37.856597541842,-1060.2659921295565,-1102.4721138513708,0.3447274680890529,0
2025-04-03,83213.09,46.823239685512355,-1061.7951903024805,-1094.3367291415927,0.3447274680890529,0
2025-04-04,83889.87,49.39514461553431,-996.9049018020304,-1074.8503636736802,0.5052686679342188,0
2025-04-05,83537.99,49.08565033044708,-962.7743919876956,-1052.435169336483,0.5052686679342188,0
2025-04-06,78430.0,30.29063490297402,-1332.5371618825884,-1108.4555678457043,0.3447274680890529,0
2025-04-07,79163.24,27.750929745116892,-1548.5596492716722,-1196.476384130898,0.3447274680890529,0
2025-04-08,76322.42,24.21455413954878,-1926.778753074832,-1342.5368579196847,0.5336413689031957,0
2025-04-09,82615.22,42.12857879780332,-1699.156925535135,-1413.8608714427749,0.6678929674028963,0
2025-04-10,79607.3,37.275459644567135,-1741.405158368303,-1479.3697288278806,0.6678929674028963,0
2025-04-11,83423.84,48.384639626781905,-1450.2072193245697,-1473.5372269272184,0.8284341672480621,0
2025-04-12,85276.9,54.232902735807066,-1057.7116577453126,-1390.3721130908373,0.9816068263441277,0
2025-04-13,83760.0,52.12042174106713,-859.1534638271405,-1284.128383238098,0.9816068263441277,0
2025-04-14,84591.58,53.09547440934794,-627.460138519993,-1152.794734294477,0.7926929255299849,0
2025-04-15,83643.99,47.582142646159554,-514.3747111309785,-1025.1107296617772,0.7926929255299849,0
2025-04-16,84030.38,52.60508411994515,-389.0900633346755,-897.9065963963569,0.7926929255299849,0
2025-04-17,84947.91,52.962362649935024,-213.3052245958679,-760.9863220362591,0.7926929255299849,0
2025-04-18,84474.69,51.005624287678515,-110.90097516123204,-630.9692526612538,0.7926929255299849,0
2025-04-19,85077.01,52.623815547652555,18.642422260905732,-501.0469176768219,0.7926929255299849,0
2025-04-20,85179.24,63.87468372437623,128.07918750889075,-375.2216966396794,0.7926929255299849,0
2025-04-21,87516.23,66.10936018011338,398.7872037287307,-220.4199165659974,0.7926929255299849,0
2025-04-22,93442.99,79.50618764828005,1079.1257668214384,39.48922011148977,1.1298877019960418,0
2025-04-23,93691.08,74.11242680841136,1619.647481303502,355.5208723498923,1.1298877019960418,1
2025-04-24,93980.47,85.49177992146616,2047.7608760537987,693.9688730906736,1.1298877019960418,-1
2025-04-25,94638.68,82.81061844582823,2412.347827769234,1037.6446640263855,0.923064020080076,-1
2025-04-26,94628.0,80.66360700635111,2669.6497662611655,1364.0456844733417,0.923064020080076,-1
2025-04-27,93749.3,84.18726488191398,2770.720518455564,1645.3806512697863,0.923064020080076,-1
2025-04-28,95011.18,84.63967372297043,2918.994634636867,1900.1034479432024,0.7176669877188043,-1
2025-04-29,94256.82,85.74125650394879,2941.7220517631213,2108.4271687071864,0.5834153892191037,-1
2025-04-30,94172.0,84.86247677924928,2919.238266870423,2270.589388339834,0.3806220267282387,-1
2025-05-01,96489.91,86.19189291564555,3053.25959475369,2427.1234296226053,0.3806220267282387,-1
2025-05-02,96887.14,89.10770739219785,3155.154941730565,2572.7297320441976,0.3806220267282387,-1
2025-05-03,95856.42,83.06979335463257,3116.808618800991,2681.545509395557,0.3806220267282387,-1
2025-05-04,94277.62,75.59385503084752,2925.301857317114,2730.296778979868,0.3806220267282387,0
2025-05-05,94733.68,72.70550869185796,2778.3050287207298,2739.8984289280406,0.3806220267282387,0
2025-05-06,96834.02,64.05061990405392,2799.023467527324,2751.7234366478974,-0.03592469123347691,-1
2025-05-07,97030.5,63.89620808983006,2799.031777503682,2761.1851048190547,-0.03592469123347691,-1
2025-05-08,103261.6,75.84223454652683,3264.2082964024885,2861.7897431357414,-0.24875645007242297,-1
2025-05-09,102971.99,73.68939926737016,3568.361087033729,3003.104011915339,-0.24875645007242297,-1
2025-05-10,104809.53,76.22004012247916,3912.576736821342,3184.99855689654,-0.24875645007242297,-1
2025-05-11,104118.0,76.96196975512238,4082.508807317965,3364.500606980825,-0.24875645007242297,-1
2025-05-12,102791.32,70.16292803985661,4063.290129703426,3504.2585115253455,-0.24875645007242297,-1
2025-05-13,104103.72,74.80175021988572,4106.620338071487,3624.730876834574,-0.24875645007242297,-1
2025-05-14,103507.82,72.92427672708882,4046.233232512881,3709.0313479702354,-0.24875645007242297,-1
2025-05-15,103763.71,69.8734664169073,3973.2233551377576,3761.86974940374,-0.24875645007242297,-1
2025-05-16,103463.9,68.06518316352484,3846.8265183892945,3778.861103200851,-0.24875645007242297,-1
2025-05-17,103126.65,70.76094598384066,3677.0560449437617,3758.500091549434,-0.24875645007242297,-1
2025-05-18,106454.26,81.61416954855594,3767.5915880283865,3760.318390845224,-0.24875645007242297,-1
2025-05-19,105573.74,77.53708086203801,3725.347565225413,3753.3242257212623,-0.24875645007242297,-1
2025-05-20,106849.99,76.55548644462442,3751.6054098643945,3752.980462549889,-0.24875645007242297,-1
2025-05-21,109643.99,79.39372923957724,3952.3076481443422,3792.84589966878,-0.24875645007242297,-1
2025-05-22,111696.21,74.40964137149462,4228.222306077121,3879.9211809504486,-0.24875645007242297,-1
2025-05-23,107318.3,60.171322846962234,4046.9749035335553,3913.33192546707,-0.24875645007242297,-1
2025-05-24,107761.91,57.39145325507547,3894.240273010437,3909.513594975744,-0.24875645007242297,-1
2025-05-25,109004.19,61.90456931547247,3829.29684142668,3893.4702442659313,-0.43767035088656564,-1
2025-05-26,109434.79,66.92496019361822,3769.126382591232,3868.601471930992,-0.6678929674028963,-1
2025-05-27,108938.17,62.850423195167366,3639.414867747604,3822.7641510943145,-0.6678929674028963,-1
2025-05-28,107781.78,61.03187451731869,3404.0665883943584,3739.0246385543232,-0.6678929674028963,-1
2025-05-29,105589.75,54.28505052306507,3006.02133718149,3592.4239782797567,-0.6678929674028963,-1
2025-05-30,103985.48,51.15334811043555,2531.929914297536,3380.325165483313,-0.8284341672480621,-1
2025-05-31,104591.88,53.20188927703733,2180.0106523309514,3140.2622628528406,-0.8284341672480621,-1
2025-06-01,105642.93,48.03114906463018,1963.2914510485136,2904.8681004919754,-0.8284341672480621,-1
2025-06-02,105857.99,50.712810119421086,1788.2792967554417,2681.5503397446687,-0.8284341672480621,-1
2025-06-03,105376.89,46.15248799333873,1592.403913229471,2463.7210544416293,-0.8284341672480621,-1
2025-06-04,104696.86,35.474882806788415,1366.545833108219,2244.2860101749475,-0.8284341672480621,-1
2025-06-05,101508.68,21.95917212434759,919.69057565587,1979.366923271132,-0.8284341672480621,0
2025-06-06,104288.44,40.855947047752885,780.8567349093646,1739.6648855987787,-0.8284341672480621,-1
2025-06-07,105552.15,43.645542654829775,763.993905436655,1544.530689566354,-0.8284341672480621,-1
2025-06-08,105734.0,39.985361715680426,756.5823563576123,1386.941022924606,-0.8284341672480621,-1
2025-06-09,110263.02,52.02744416652348,1103.442910710408,1330.2414004817665,-0.8284341672480621,-1
2025-06-10,110274.39,53.350564838301686,1363.5319158505154,1336.8995035555165,-0.6678929674028963,-1
2025-06-11,108645.12,52.11467146097358,1421.7962712639855,1353.87885709721,-0.8284341672480621,-1
2025-06-12,105671.73,50.193399595932135,1214.0486719866312,1325.9128200750945,-0.8284341672480621,-1
2025-06-13,106066.59,55.206666983570216,1068.946949795121,1274.5196460191,-0.6678929674028963,-1
2025-06-14,105414.64,52.05375775064151,891.0741252884327,1197.8305418729667,-0.8284341672480621,-1
2025-06-15,105594.01,49.872331008219675,755.869101811244,1109.438253860622,-0.8284341672480621,-1
2025-06-16,106794.53,52.3245689368449,737.0933244224434,1034.9692679729865,-0.8284341672480621,-1
2025-06-17,104551.17,48.11536593471203,535.025540719842,934.9805225223575,-0.8284341672480621,-1
2025-06-18,104886.78,50.44039992171492,397.3854761013499,827.4615132381562,-0.8284341672480621,-1
2025-06-19,104658.59,58.46648493218286,266.81601833926106,715.3324142583772,-0.6678929674028963,-1
2025-06-20,103297.99,47.11794807330705,52.939479997585295,582.8538274062188,-0.9816068263441277,-1
2025-06-21,102120.01,39.96294160378165,-209.20082189401728,424.4428975461716,-0.9816068263441277,-1
2025-06-22,100963.87,36.80215896407794,-504.4250376564596,238.66931050564537,-0.9816068263441277,-1
2025-06-23,105333.93,36.2413308568739,-381.3688529956271,114.66167780539088,-0.8284341672480621,-1
2025-06-24,106083.0,38.763252418048545,-220.85635671723867,47.558070900864976,-0.8284341672480621,-1
2025-06-25,107340.58,46.43152569003891,7.737950699927751,39.59404686067754,-0.8284341672480621,-1
2025-06-26,106947.06,54.06186838365456,155.3559641954198,62.746430327625994,-0.6678929674028963,-1
2025-06-27,107047.59,53.18413864018779,277.26015181503317,105.64917462510743,-0.6678929674028963,-1
2025-06-28,107296.79,56.27310983466572,389.48867314873496,162.41707432983296,-0.6678929674028963,-1
2025-06-29,108356.93,58.69800094443569,557.5479571207397,241.44325088801432,-0.6678929674028963,-1
2025-06-30,107146.5,51.10735250349067,586.3059949094022,310.4157996922919,-0.8284341672480621,-1
2025-07-01,105681.14,53.73805527308046,485.26085648273875,345.3848110503813,-0.8210656264989619,-1
2025-07-02,108849.6,61.040181063850426,653.3190431116236,406.97165746262976,-0.6678929674028963,-1
2025-07-03,109584.78,63.347033881084315,836.1901688965154,492.8153597494069,-0.6678929674028963,-1
2025-07-04,107984.24,62.53397445944435,842.2576301935478,562.7038138382351,-0.6678929674028963,-1
2025-07-05,108198.12,67.14066313256167,854.4746140565403,621.0579738818961,-0.6678929674028963,-1
2025-07-06,109203.84,73.4360770139599,934.5370986892958,683.7537988433761,-0.6678929674028963,-1
2025-07-07,108262.94,60.34948563691349,911.5565712797544,729.3143533306518,-0.8161738430548106,-1
2025-07-08,108922.98,60.09843914011897,935.8165390212234,770.6147904687662,-0.8161738430548106,-1
2025-07-09,111233.99,62.87936878221574,1128.5131343853864,842.1944592520903,-0.6678929674028963,-1
2025-07-10,116010.0,73.24140654651394,1647.6179525836778,1003.2791579184078,-0.6678929674028963,-1
2025-07-11,117527.66,75.05451951346748,2156.614628350624,1233.9462520048512,-0.6678929674028963,-1
2025-07-12,117420.0,74.36628044398043,2522.2361306939565,1491.6042277426725,-0.6678929674028963,-1
2025-07-13,119086.64,75.09346574684433,2912.8996310405055,1775.863308402239,-0.4789790665887535,-1
2025-07-14,119841.18,80.33579307576136,3245.9708107303595,2069.8848088678633,-0.4789790665887535,-1
2025-07-15,117758.09,78.03204351820433,3303.760472188442,2316.6599415319793,-0.4789790665887535,-1
2025-07-16,118630.43,75.41107631457388,3380.975956553739,2529.523144536331,-0.4789790665887535,-1
2025-07-17,119177.56,75.16844062808941,3446.5884761384805,2712.936210856761,-0.4789790665887535,-1
2025-07-18,117924.84,76.56587565355058,3358.7848550024355,2842.1059396858964,-0.4789790665887535,-1
2025-07-19,117840.0,75.94651324252033,3244.9482304086414,2922.6743978304457,-0.4789790665887535,0
2025-07-20,117265.12,72.20804365529332,3072.921151534203,2952.7237485711976,-0.4789790665887535,0
2025-07-21,117380.36,76.31472309770373,2912.31599114502,2944.6421970859624,-0.6272599422406678,-1
2025-07-22,119954.42,78.67123197950703,2958.6350707130914,2947.4407718113885,-0.4789790665887535,0
2025-07-23,118755.99,70.75007006803773,2865.6070553238096,2931.0740285138727,-0.4789790665887535,0
2025-07-24,118340.99,58.46756411364822,2726.9599543171207,2890.2512136745227,-0.4789790665887535,0
2025-07-25,117614.31,50.3339564103058,2529.2880665846315,2818.0585842565447,-0.8284341672480621,-1
2025-07-26,117919.99,51.89803261188938,2369.9778631864174,2728.4424400425196,-0.8284341672480621,-1
2025-07-27,119415.55,51.265019972785026,2337.4578136500786,2650.2455147640317,-0.8284341672480621,-1
2025-07-28,118062.32,43.4595349028744,2177.3914749688993,2555.674706805006,-0.8284341672480621,-1
2025-07-29,117950.76,50.82852068614086,2018.2704235808776,2448.19385016018,-0.8284341672480621,-1
2025-07-30,117840.3,46.36403211273885,1861.7910764981643,2330.913295427777,-0.8284341672480621,-1
2025-07-31,115764.08,36.22992667751017,1552.3519176556,2175.201019873342,-0.8284341672480621,-1
2025-08-01,113297.93,32.999289388072754,1095.4932955692057,1959.2594750125147,-0.9816068263441277,-1
2025-08-02,112546.35,31.457968031619544,665.1162748967472,1700.4308349893613,-0.9816068263441277,-1
2025-08-03,114208.8,40.052531196500546,452.9637228040956,1450.9374125523082,-0.8284341672480621,-1
2025-08-04,115055.03,42.77546729102625,349.090883155397,1230.568106672926,-0.8284341672480621,-1
2025-08-05,114129.75,29.837772274725836,189.91927507559012,1022.4383403534588,-0.9816068263441277,-1
2025-08-06,114992.27,36.66161064882412,131.8528667500941,844.321245632786,-0.8284341672480621,-1
2025-08-07,117472.01,47.31354191527535,282.6706623155769,731.9911289693442,-0.8284341672480621,-1
2025-08-08,116674.74,47.107935087137186,334.01154872939514,652.3952129213544,-0.9767150428999763,-1
2025-08-09,116462.25,45.48707984897285,353.47872129030293,592.6119145951442,-0.9767150428999763,-1
2025-08-10,119294.01,49.65248351055128,590.5979166438337,592.2091150048822,-0.8284341672480621,-1
2025-08-11,118686.0,51.86265210504057,721.1423811898276,617.9957682418712,-0.8284341672480621,-1
2025-08-12,120134.08,56.038530299409715,930.719014310598,680.5404174556166,-0.6678929674028963,-1
2025-08-13,123306.43,62.928326363177526,1337.3757039144984,811.907474747393,-0.6678929674028963,-1
2025-08-14,118295.09,55.256456319249025,1240.9756094000186,897.7211016779182,-0.6678929674028963,-1
2025-08-15,117342.05,58.96218177885613,1075.280314730262,933.232944288387,-0.6678929674028963,-1
2025-08-16,117380.66,61.06291451803434,936.288157200048,933.8439868707192,-0.6678929674028963,-1
2025-08-17,117405.01,57.90707765595785,818.6636673151224,910.8079229596,-0.6678929674028963,-1
2025-08-18,116227.05,52.85262963179316,623.209908376055,853.288320042891,-0.9816068263441277,-1
2025-08-19,112872.94,47.2644300818009,195.41018375568092,721.712692785449,-0.9816068263441277,-1
2025-08-20,114271.24,48.4663771976581,-30.442138197657187,571.2817265888278,-0.9816068263441277,-1
2025-08-21,112500.0,39.09594800804072,-348.3405427115649,387.3572727287493,-0.9816068263441277,-1
2025-08-22,116935.99,50.494087404960275,-239.56840331120475,261.9721375207585,-0.9816068263441277,-1
2025-08-23,115438.05,48.152802646747766,-271.11173109371157,155.3553637978645,-0.9816068263441277,-1
2025-08-24,113493.59,39.192749381609175,-447.8491903980321,34.71445295868518,-1.1298877019960418,-1
2025-08-25,110111.98,35.52144624439957,-850.9730779965903,-142.42305323236994,-1.1298877019960418,-1
2025-08-26,111763.22,35.960840639542965,-1025.390333773263,-319.0165093405485,-1.1298877019960418,-1
2025-08-27,111262.01,27.811719365987017,-1190.3392340681312,-493.28105428606506,-1.1298877019960418,-1
2025-08-28,112566.9,37.778531637575504,-1201.913794309774,-635.0076022908069,-1.1298877019960418,-1
2025-08-29,108377.4,33.19427056912252,-1531.4902868716308,-814.3041392069716,-0.8067222026821986,-1
2025-08-30,108816.33,34.182152378145034,-1737.2382478602958,-998.8909609376364,-0.9409738011818992,-1
2025-08-31,108246.35,33.418654063965604,-1924.1076959527272,-1183.934307940655,-0.9409738011818992,-1
2025-09-01,109237.42,37.25936886972772,-1969.5285148746916,-1341.053149327462,-0.9409738011818992,-1
2025-09-02,111240.01,46.869256622678435,-1822.9190879346424,-1437.4263370488982,-1.1298877019960418,-1
2025-09-03,111705.71,44.89880241068784,-1650.130288047876,-1479.9671272486935,-1.1298877019960418,-1
2025-09-04,110730.87,46.367282068341,-1573.714558358275,-1498.71661347061,-1.1298877019960418,-1
2025-09-05,110659.99,34.29809795825237,-1501.5648606429604,-1499.2862629050803,-1.1298877019960418,-1
2025-09-06,110187.97,36.15406362809697,-1465.5794865281932,-1492.544907629703,-1.1298877019960418,-1
2025-09-07,111137.34,43.44168253651922,-1344.9508374465076,-1463.026093593064,-1.1298877019960418,-1
2025-09-08,112065.23,56.296699378663334,-1161.0944219272642,-1402.639759259904,-0.9693465021508761,-1
2025-09-09,111546.39,49.24595085030926,-1045.2044733361108,-1331.1527020751455,-1.1298877019960418,-1
2025-09-10,113960.0,58.28106746977156,-749.9576535186934,-1214.913692363855,-0.9693465021508761,-1
2025-09-11,115482.69,58.83149350826364,-388.624245929328,-1049.6558030769495,-0.9693465021508761,-1
2025-09-12,116029.42,79.73935767508166,-57.485715813119896,-851.2217856241838,-0.9693465021508761,-1
2025-09-13,115918.29,78.32323283886372,193.74334015614295,-642.2287604681185,-0.9693465021508761,-1
2025-09-14,115268.01,77.82477547306782,336.49313226704544,-446.48438192108574,-0.9693465021508761,-1
2025-09-15,115349.71,76.10244724455448,451.0168368295126,-266.9841381709661,-0.9693465021508761,-1
2025-09-16,116788.96,74.89450359939453,650.4155587878049,-83.50419877921189,-0.9693465021508761,-1
2025-09-17,116447.59,71.51371068725832,771.9956907062733,87.59577911788516,-0.9693465021508761,-1
2025-09-18,117073.53,79.71719594816194,908.385643739748,251.75375204225773,-0.9693465021508761,-1
2025-09-19,115632.38,70.64608199488951,889.9283631393191,379.38867426167,-0.9693465021508761,-1
2025-09-20,115685.63,73.64951132218322,869.5737602399604,477.4256914573281,-0.9693465021508761,-1
2025-09-21,115232.29,68.40068049647837,807.5528746608034,543.4511280980232,-0.9693465021508761,-1
2025-09-22,112650.99,52.29160178959017,543.8424614616233,543.5293947707432,-1.1298877019960418,-1
2025-09-23,111998.8,51.75163563686656,279.0075512746698,490.62502607152857,-1.1298877019960418,-1
2025-09-24,113307.0,47.23504723707967,172.69407404813683,427.0388356668502,-1.1298877019960418,-1
2025-09-25,108994.49,27.777610331037664,-256.5858761897107,290.31389329553804,-1.1298877019960418,0
2025-09-26,109643.46,28.27990460240349,-538.2225793539546,124.6065987656395,-1.1298877019960418,-1
2025-09-27,109635.85,28.480461133954435,-753.3515909002599,-50.985039167540386,-1.1298877019960418,0
2025-09-28,112163.95,40.57941544946003,-711.64296358297,-183.11662405062629,-1.1298877019960418,-1
2025-09-29,114311.96,47.201501090275215,-499.5041477237537,-246.39412878525175,-1.1298877019960418,-1
2025-09-30,114048.93,42.110467222229545,-348.5886179454683,-266.8330266172951,-1.1298877019960418,-1
2025-10-01,118594.99,54.977825334289015,136.27122581753065,-186.21217613032996,-0.6678929674028963,0
2025-10-02,120529.35,57.55268798780318,668.9021435712493,-15.189312190014116,-0.6678929674028963,0
2025-10-03,122232.0,64.26045762282632,1214.4066843347537,230.72988711493943,-0.6678929674028963,0
2025-10-04,122391.0,64.42304755406784,1640.64065006873,512.7120397056975,-0.4789790665887535,0
2025-10-05,123482.31,67.27152445432583,2042.9439491472583,818.7584215940097,-0.4789790665887535,0
2025-10-06,124658.54,76.7092871636245,2428.6877424521226,1140.7442857656324,-0.4789790665887535,0
2025-10-07,121332.95,68.55575563094716,2437.942079173008,1400.1838444471075,-0.6272599422406678,0
2025-10-08,123306.0,69.36553705230146,2574.804114163184,1635.1078983903228,-0.4789790665887535,0
2025-10-09,121662.4,77.36336902750477,2521.576316914303,1812.401582095119,-0.6272599422406678,0
2025-10-10,112774.5,54.98787695346724,1742.131446512314,1798.3475549785585,-0.6461810028370328,0
2025-10-11,110644.4,51.50489465662795,941.679409057615,1627.0139257943697,-0.8067222026821986,-1
2025-10-12,114958.8,53.95923932060057,647.9818935696676,1431.2075193494293,-0.6461810028370328,0
2025-10-13,115166.0,51.28024781078882,427.02136840310413,1230.3702891601642,-0.8067222026821986,-1
2025-10-14,113028.14,48.55122056037999,78.49626898880524,999.9954851258924,-0.8067222026821986,-1
2025-10-15,110763.28,38.11508459817573,-376.1318433043198,724.7700194398501,-0.8067222026821986,-1
2025-10-16,108194.28,31.634812515353858,-932.970029935066,393.2220095648669,-0.8067222026821986,-1
2025-10-17,106431.68,26.51746144037192,-1499.213395187806,14.734928614332324,-0.8067222026821986,0
2025-10-18,107185.01,27.79306499424746,-1865.6716056258592,-361.3463782337061,-0.8067222026821986,-1
2025-10-19,108642.78,28.557755301560633,-2015.2321795516764,-692.1235384973002,-0.8067222026821986,0
2025-10-20,110532.09,30.000252006352852,-1958.729470467326,-945.4447248913052,-0.8067222026821986,-1
2025-10-21,108297.67,30.956716356857797,-2070.3835933161463,-1170.4324985762737,-0.8067222026821986,-1
2025-10-22,107567.44,26.141102363732628,-2192.5197454818262,-1374.849947957384,-0.8067222026821986,-1
2025-10-23,110078.18,32.88875063072899,-2062.937531418109,-1512.4674646495291,-0.8067222026821986,-1
2025-10-24,111004.89,46.582250904164894,-1863.9781610671344,-1582.76960393305,-0.8067222026821986,-1
2025-10-25,111646.27,52.05302828177763,-1635.6921796118986,-1593.35411906882,-0.8067222026821986,-1
2025-10-26,114559.4,49.13168401124591,-1205.8088359690591,-1515.8450624488678,-0.8067222026821986,-1
2025-10-27,114107.65,47.723301850141254,-891.3012723062275,-1390.93630442034,-0.8067222026821986,-1
2025-10-28,112898.45,49.70940328746914,-731.1953318603337,-1258.9881099083386,-0.9956361034963414,-1
2025-10-29,110021.29,48.38182331278816,-826.9405314328178,-1172.5785942132345,-0.9956361034963414,-1
2025-10-30,108322.88,50.291528798783474,-1028.0164509675817,-1143.666165564104,-1.1298877019960418,-1
2025-10-31,109608.01,57.359883625821254,-1071.3217844951723,-1129.1972893503178,-0.9693465021508761,-1
2025-11-01,110098.1,56.83328931201485,-1053.9461707689916,-1114.1470656340523,-0.9693465021508761,-1
2025-11-02,110540.68,54.67457527595733,-993.016488553112,-1089.9209502178644,-0.9693465021508761,-1
2025-11-03,106583.04,41.17277054366907,-1249.6723046112893,-1121.871221096549,-1.1298877019960418,-1
2025-11-04,101497.22,36.51772781648827,-1842.2210801028996,-1265.9411928978195,-1.1298877019960418,-1
2025-11-05,103885.16,43.14992960701965,-2094.9837836350343,-1431.7497110452623,-1.1298877019960418,-1
2025-11-06,101346.04,33.77291212462917,-2471.6936649364507,-1639.7385018235002,-0.9409738011818992,-1
2025-11-07,103339.08,36.29754196906306,-2579.6803392901347,-1827.726869316827,-0.599898520766233,0
2025-11-08,102312.94,33.543250996662195,-2716.7445389770437,-2005.5304032488705,-0.599898520766233,0
2025-11-09,104722.96,32.34288455103821,-2600.918660794676,-2124.608054758032,-0.599898520766233,0
2025-11-10,106011.13,35.88987419511575,-2377.771791440464,-2175.240802094518,-0.599898520766233,0
2025-11-11,103058.99,33.83443847877662,-2411.342856288975,-2222.4612129334096,-0.3945014884049611,0
2025-11-12,101654.37,35.554779795903855,-2522.214740642783,-2282.4119184752844,-0.3945014884049611,0
2025-11-13,99692.02,35.23367140237059,-2736.8777299155045,-2373.3050807633285,-0.18166972956601507,0
2025-11-14,94594.0,27.277451904173702,-3280.5511519392603,-2554.754294998515,-0.18166972956601507,0
2025-11-15,95596.24,28.38758694527307,-3589.1701446708175,-2761.6374649329755,-0.18166972956601507,0
2025-11-16,94261.44,26.367209162285917,-3896.543200005559,-2988.6186119474924,0.23487698839570054,0
2025-11-17,92215.14,27.91641254789323,-4256.195101478574,-3242.1339098537087,0.23487698839570054,0
2025-11-18,92960.83,34.85950453679759,-4429.984766718364,-3479.70408122664,0.23487698839570054,0
2025-11-19,91554.96,27.34128868457384,-4627.809777755596,-3709.325220532432,0.23487698839570054,0
2025-11-20,86637.23,25.143229505531664,-5122.359860160781,-3991.9321484581014,0.23487698839570054,0
2025-11-21,85129.43,18.713973559792866,-5571.733743980672,-4307.892467562616,0.23487698839570054,0
2025-11-22,84739.74,19.132393527027887,-5891.398140204459,-4624.593602090985,0.43767035088656564,0
2025-11-23,86830.0,18.213665471930327,-5907.964625676599,-4881.267806808108,0.43767035088656564,0
2025-11-24,88300.01,18.738668263229528,-5736.351078674124,-5052.284461181312,0.43767035088656564,0
2025-11-25,87369.96,20.17910370596489,-5610.716521009235,-5163.970873146896,0.43767035088656564,0
2025-11-26,90484.02,30.06353411598913,-5199.930055362856,-5171.1627095900885,0.43767035088656564,0
2025-11-27,91333.95,34.46596871288672,-4751.029661419248,-5087.136099955921,0.43767035088656564,0
2025-11-28,90890.7,41.67710970312409,-4380.543259766346,-4945.817531918006,0.43767035088656564,0
2025-11-29,90802.44,38.7647243563001,-4047.39609881588,-4766.133245297581,0.43767035088656564,0
2025-11-30,90360.0,40.456985696632394,-3775.5535527855536,-4568.017306795176,0.43767035088656564,0
2025-12-01,86286.01,36.80599474031587,-3844.535905009252,-4423.321026437991,0.43767035088656564,0
2025-12-02,91277.88,46.85020256251027,-3456.557680626007,-4229.968357275595,0.6678929674028963,0
2025-12-03,93429.95,53.41386330854823,-2941.520066871308,-3972.278699194738,0.8284341672480621,0
2025-12-04,92078.06,61.38459973961703,-2612.322049634764,-3700.2873692827434,0.8284341672480621,0
2025-12-05,89330.04,58.35583444960354,-2543.8485939692764,-3468.9996142200503,0.6395202664339193,0
2025-12-06,89236.79,59.052269886289274,-2468.6503185166075,-3268.9297550793617,0.6395202664339193,0
2025-12-07,90395.31,57.45643332813275,-2289.1839737201663,-3072.9805988075227,0.6395202664339193,0
2025-12-08,90634.34,55.14699494589805,-2103.4209517432464,-2879.0686693946677,0.6395202664339193,0
2025-12-09,92678.8,61.1572255773602,-1770.818687211533,-2657.418672958041,0.6395202664339193,0
2025-12-10,92015.37,53.58791138502022,-1542.9757883652055,-2434.530096039474,0.6395202664339193,0
2025-12-11,92513.38,52.80970665350391,-1307.1553315669153,-2209.055143144962,0.4789790665887535,0
2025-12-12,90268.42,48.63476406525612,-1286.5844855674804,-2024.5610116294656,0.4789790665887535,0
2025-12-13,90240.01,48.76282151396699,-1258.0721192081835,-1871.2632331452096,0.4789790665887535,0
2025-12-14,88172.17,45.5085965326463,-1386.352263864479,-1774.2810392890635,0.4789790665887535,0
2025-12-15,86432.08,50.3316478860768,-1609.8683627961727,-1741.3985039904856,0.4789790665887535,0
2025-12-16,87863.42,40.75239473667104,-1652.460766656659,-1723.6109565237202,0.4789790665887535,0
2025-12-17,86243.22,29.95830881594253,-1796.2461455598095,-1738.1379943309382,0.4789790665887535,0
2025-12-18,85516.41,31.040482837572284,-1946.4076117026125,-1779.7919178052732,0.4789790665887535,0
2025-12-19,88136.94,46.52701771218059,-1832.8290725073457,-1790.3993487456878,0.4789790665887535,0
2025-12-20,88360.9,47.469636153849265,-1705.0903415423236,-1773.337547305015,0.4789790665887535,0
2025-12-21,88658.86,44.72108338101165,-1561.8100213669532,-1731.0320421174029,0.4789790665887535,0
2025-12-22,88620.79,43.80296280885162,-1434.7918785359216,-1671.7840094011067,0.3447274680890529,0
2025-12-23,87486.0,33.07034245324847,-1409.449893371595,-1619.3171861952044,0.3447274680890529,0
2025-12-24,87669.45,35.37359606150069,-1358.8987666089815,-1567.2335022779598,0.3447274680890529,0
2025-12-25,87225.27,32.13788938287149,-1339.2403195259249,-1521.634865727553,0.3447274680890529,0
2025-12-26,87369.56,38.5888904984443,-1297.0660909619764,-1476.7211107744376,0.3447274680890529,0
2025-12-27,87877.01,41.036312984790165,-1208.7618823610246,-1423.129265091755,0.3447274680890529,0
2025-12-28,87952.71,49.01928889731003,-1119.763862717984,-1362.4561846170009,0.3447274680890529,0
2025-12-29,87237.13,53.9601802778546,-1094.358532653292,-1308.8366542242593,0.5052686679342188,0
2025-12-30,88485.49,53.11616788544216,-962.398475962691,-1239.5490185719457,0.5052686679342188,0
2025-12-31,87648.22,57.63719777352584,-914.8342323906982,-1174.6060613356965,0.5052686679342188,0
